title,views,author,videoId,uploadDate,comments,dateFeaturedEpoch,dateFeatured,timestampFeatured
Kites,,ScottEvil,AnTi-2KZ7MU,"June 13, 2005",,1118792488000,"Tue, 14 Jun 2005 23:41:28 GMT",20050614234128
Ibiza,,Maupy,4Fr54d-m7mc,"June 13, 2005",,1118792488000,"Tue, 14 Jun 2005 23:41:28 GMT",20050614234128
Bikes,,ScottEvil,_N57DbnvDN4,"June 13, 2005",,1118792488000,"Tue, 14 Jun 2005 23:41:28 GMT",20050614234128
Bootie Christ Dance,,BootieChrist,lzj98rpCcJc,"April 24, 2005",,1118792488000,"Tue, 14 Jun 2005 23:41:28 GMT",20050614234128
Tim sleding,,vivaciousvalerii,5RUZZHISpoY,"June 13, 2005",,1118792488000,"Tue, 14 Jun 2005 23:41:28 GMT",20050614234128
Philipsburg - Princess Juliana (TNCM / SXM),,jawed,UNY7IqpA2CQ,"June 11, 2005",,1118882563000,"Thu, 16 Jun 2005 00:42:43 GMT",20050616004243
What?!?!,,cabmobile,wyZ0XKvHIVw,"May 4, 2005",,1118882563000,"Thu, 16 Jun 2005 00:42:43 GMT",20050616004243
MaleBear,,xanatos,MLEa2XtmmsY,"June 14, 2005",,1118882563000,"Thu, 16 Jun 2005 00:42:43 GMT",20050616004243
Luis on NY1,,cmonico,yLJdjoS4kcg,"June 15, 2005",,1118882563000,"Thu, 16 Jun 2005 00:42:43 GMT",20050616004243
Denny's,,jrhyley,_QBPp6zso7g,"June 14, 2005",,1118882563000,"Thu, 16 Jun 2005 00:42:43 GMT",20050616004243
Baby Fart,,,usRldgBlEBk,"June 15, 2005						by larfus",,1118973109000,"Fri, 17 Jun 2005 01:51:49 GMT",20050617015149
2 Men in a bath!,,,AN7FstkmuTs,"June 15, 2005						by xanatos",,1118973109000,"Fri, 17 Jun 2005 01:51:49 GMT",20050617015149
Estacion Espora,,,DnJcXRHQG1A,"June 13, 2005						by CAP",,1118973109000,"Fri, 17 Jun 2005 01:51:49 GMT",20050617015149
Racing with some cool tunes,,,C1M_ukg4jR8,"June 16, 2005						by blackbelt",,1118973109000,"Fri, 17 Jun 2005 01:51:49 GMT",20050617015149
QEW,,,nK68ZN1BUMA,"June 14, 2005						by ScottEvil",,1118973109000,"Fri, 17 Jun 2005 01:51:49 GMT",20050617015149
tribute,,,3_-tvadkXMs,"April 24, 2005						by gp",,1119063395000,"Sat, 18 Jun 2005 02:56:35 GMT",20050618025635
GREECE!,,,e_xieum5R98,"June 13, 2005						by vivaciousvalerii",,1119063395000,"Sat, 18 Jun 2005 02:56:35 GMT",20050618025635
"Kid sings New York, New York",,,cfAdZW-abgk,"June 14, 2005						by maxkash",,1119063395000,"Sat, 18 Jun 2005 02:56:35 GMT",20050618025635
Schlitz Commercial,,,wwY2MVX5kZ4,"June 15, 2005						by cmonico",,1119063395000,"Sat, 18 Jun 2005 02:56:35 GMT",20050618025635
Tiger Remixed,,,gz2DQvgorQU,"April 30, 2005						by hurlex",,1119063395000,"Sat, 18 Jun 2005 02:56:35 GMT",20050618025635
Quick Stoppie!!!,,,UFpWzvw5Ito,"May 4, 2005						by COBALTGRUV",,1119149244000,"Sun, 19 Jun 2005 02:47:24 GMT",20050619024724
Vernal Lullaby,,,KEqhJEJU4rk,"May 2, 2005						by bullemhead",,1119149244000,"Sun, 19 Jun 2005 02:47:24 GMT",20050619024724
Get Down,,,lXtuA9THsMo,"June 14, 2005						by fusionmonkey",,1119149244000,"Sun, 19 Jun 2005 02:47:24 GMT",20050619024724
overdramatic: hudson street,,,WuG4gztjxx8,"June 16, 2005						by overdramatic",,1119149244000,"Sun, 19 Jun 2005 02:47:24 GMT",20050619024724
Toronto Autoshow 2005,,,n7xrB7Ce_rc,"June 13, 2005						by ScottEvil",,1119149244000,"Sun, 19 Jun 2005 02:47:24 GMT",20050619024724
San Francisco Mission District,,,98UsB_mjMdw,"June 19, 2005						by steve",,1119415970000,"Wed, 22 Jun 2005 04:52:50 GMT",20050622045250
overdramatic: on the subway,,,vDO4bBCHspU,"June 16, 2005						by overdramatic",,1119415970000,"Wed, 22 Jun 2005 04:52:50 GMT",20050622045250
overdramatic: city hall park II,,,C_JIYlBvzuo,"June 16, 2005						by overdramatic",,1119415970000,"Wed, 22 Jun 2005 04:52:50 GMT",20050622045250
Another story about Drey,,,hO1X7eRy46E,"April 28, 2005						by jawed",,1119415970000,"Wed, 22 Jun 2005 04:52:50 GMT",20050622045250
dunk,,,MZ85hfsVL2A,"June 19, 2005						by anillo65",,1119415970000,"Wed, 22 Jun 2005 04:52:50 GMT",20050622045250
Eric Rice Promo,,,CDxwN8MKoPI,"June 13, 2005						by ericrice",,1119487406000,"Thu, 23 Jun 2005 00:43:26 GMT",20050623004326
Slapping Oriental women,,,MoLds42eIL8,"June 16, 2005						by larfus",,1119487406000,"Thu, 23 Jun 2005 00:43:26 GMT",20050623004326
Who does the dog like more?!,,,jovunOYy9Jk,"April 29, 2005						by hitofushi",,1119487406000,"Thu, 23 Jun 2005 00:43:26 GMT",20050623004326
Glitterclub,,,_jE4Jp-Kn6g,"June 19, 2005						by Thms",,1119487406000,"Thu, 23 Jun 2005 00:43:26 GMT",20050623004326
Bikes,,,_N57DbnvDN4,"June 13, 2005						by ScottEvil",,1119487406000,"Thu, 23 Jun 2005 00:43:26 GMT",20050623004326
MAK UTI,,,EqeeDnGhTd0,"June 16, 2005						by asleeponthesun",,1119660517000,"Sat, 25 Jun 2005 00:48:37 GMT",20050625004837
Tiger Remixed,,,gz2DQvgorQU,"April 30, 2005						by hurlex",,1119660517000,"Sat, 25 Jun 2005 00:48:37 GMT",20050625004837
Mijn Budlight verzameling,,,XOg1bXaUJnU,"June 19, 2005						by Tjoeten",,1119660517000,"Sat, 25 Jun 2005 00:48:37 GMT",20050625004837
Schlitz Commercial,,,wwY2MVX5kZ4,"June 15, 2005						by cmonico",,1119660517000,"Sat, 25 Jun 2005 00:48:37 GMT",20050625004837
Cyberdyne Systems from Terminator 2 Movie,,,s7hzrENAaxg,"June 21, 2005						by jawed",,1119660517000,"Sat, 25 Jun 2005 00:48:37 GMT",20050625004837
A little run on San Gregorio beach.,,,g-LZSOkwlzU,"June 12, 2005						by Chad",,1119747727000,"Sun, 26 Jun 2005 01:02:07 GMT",20050626010207
Tabby,,,lLUWOGLxeyk,"June 24, 2005						by leonamanutd",,1119747727000,"Sun, 26 Jun 2005 01:02:07 GMT",20050626010207
Japoneses bailando,,,f-Wn1PmG46c,"June 14, 2005						by biboz",,1119747727000,"Sun, 26 Jun 2005 01:02:07 GMT",20050626010207
BUSH HAKKA SPEECH,,,pRHch2oWBeg,"June 24, 2005						by wilsonlhw",,1119747727000,"Sun, 26 Jun 2005 01:02:07 GMT",20050626010207
Positively New Jersey,,,1m6Sww_9vSQ,"June 23, 2005						by adamarif",,1119747727000,"Sun, 26 Jun 2005 01:02:07 GMT",20050626010207
Le clandestin,,,aw9DL5WsXy8,"May 3, 2005						by hchicha",,1119834751000,"Mon, 27 Jun 2005 01:12:31 GMT",20050627011231
I Believe,,,-xuGDwb8x-E,"June 14, 2005						by jt1892",,1119834751000,"Mon, 27 Jun 2005 01:12:31 GMT",20050627011231
Doctor Who- Together till the end,,,Ws5z4iN1kiY,"June 25, 2005						by TheOCRox331",,1119834751000,"Mon, 27 Jun 2005 01:12:31 GMT",20050627011231
Matrix Redone 2,,,8RhkHO8i5ag,"June 22, 2005						by djtrentt",,1119834751000,"Mon, 27 Jun 2005 01:12:31 GMT",20050627011231
Concorde Landing,,,58nnKG7nKoQ,"June 11, 2005						by jawed",,1119834751000,"Mon, 27 Jun 2005 01:12:31 GMT",20050627011231
Ibiza,,,gYwcw0DzTGM,"June 16, 2005						by Maupy",,1120014321000,"Wed, 29 Jun 2005 03:05:21 GMT",20050629030521
He Got Big Fish,,,dUTZvdgr42U,"June 22, 2005						by lcf",,1120014321000,"Wed, 29 Jun 2005 03:05:21 GMT",20050629030521
Filip - FedEx Auto-X,,,_XfHyR2mNxs,"June 26, 2005						by warrtalon",,1120014321000,"Wed, 29 Jun 2005 03:05:21 GMT",20050629030521
Why was Steve late?,,,77QAKf9RGIk,"April 27, 2005						by jawed",,1120014321000,"Wed, 29 Jun 2005 03:05:21 GMT",20050629030521
Ferrari,,,XlxMtOHMQEU,"June 27, 2005						by BMWDave",,1120014321000,"Wed, 29 Jun 2005 03:05:21 GMT",20050629030521
Drunk gambler discussing life.,,,7fBGxN-W-wE,"June 13, 2005						by Kaizenamazen",,1120095337000,"Thu, 30 Jun 2005 01:35:37 GMT",20050630013537
overdramatic: world trade center I,,,5nX0OjVuENA,"June 16, 2005						by overdramatic",,1120095337000,"Thu, 30 Jun 2005 01:35:37 GMT",20050630013537
Jingle en Joe,,,uE9oPxzDup0,"June 21, 2005						by Lena",,1120095337000,"Thu, 30 Jun 2005 01:35:37 GMT",20050630013537
Sprite � Argentina � Ganas � 2005,,,mttek4fBsGs,"June 26, 2005						by ivanrodero",,1120095337000,"Thu, 30 Jun 2005 01:35:37 GMT",20050630013537
Father's Day Special,,,2yqRMRSgSSY,"June 19, 2005						by ATrain",,1120095337000,"Thu, 30 Jun 2005 01:35:37 GMT",20050630013537
Denny's,,,_QBPp6zso7g,"June 14, 2005						by jrhyley",,1120176582000,"Fri, 01 Jul 2005 00:09:42 GMT",20050701000942
On top of the world!,,,Eq2ObjmGSD8,"May 3, 2005						by jawed",,1120176582000,"Fri, 01 Jul 2005 00:09:42 GMT",20050701000942
Trabajo,,,NYVk34eItx8,"June 27, 2005						by HaoT",,1120176582000,"Fri, 01 Jul 2005 00:09:42 GMT",20050701000942
Dance Luke & Kylie DANCE!!,,,ivi5mnb6xfA,"June 28, 2005						by WhitneyLee",,1120176582000,"Fri, 01 Jul 2005 00:09:42 GMT",20050701000942
"My ""Special"" Dance",,,dySCz5rPK4E,"April 27, 2005						by cabmobile",,1120176582000,"Fri, 01 Jul 2005 00:09:42 GMT",20050701000942
Pantman,,,eyWg57J0SSQ,"June 24, 2005						by Krisko",,1120205135000,"Fri, 01 Jul 2005 08:05:35 GMT",20050701080535
nice pass,,,GD4Gyb5e_wU,"June 19, 2005						by anillo65",,1120205135000,"Fri, 01 Jul 2005 08:05:35 GMT",20050701080535
Super Gokart minispeedway racing-a-gogo,,,uRlyoDGeBkQ,"June 15, 2005						by punkey",,1120205135000,"Fri, 01 Jul 2005 08:05:35 GMT",20050701080535
Ilias showing off his skillz,,,FkjOW1SyIzk,"April 29, 2005						by jawed",,1120205135000,"Fri, 01 Jul 2005 08:05:35 GMT",20050701080535
NYIAS 2005,,,sKIsdD1w_xU,"June 26, 2005						by BMWDave",,1120205135000,"Fri, 01 Jul 2005 08:05:35 GMT",20050701080535
River Otter in Central Park Zoo,,,RpAjWJ0FowY,"June 28, 2005						by TH",,1120358700000,"Sun, 03 Jul 2005 02:45:00 GMT",20050703024500
Crushing my camera,,,JRNZJ2_fO7Q,"April 27, 2005						by jawed",,1120358700000,"Sun, 03 Jul 2005 02:45:00 GMT",20050703024500
The Orb - Once More,,,CqS_V4TtLnM,"June 29, 2005						by slvgdvg",,1120358700000,"Sun, 03 Jul 2005 02:45:00 GMT",20050703024500
The Thrills Band Gig : Liverpool Video 2,,,bML3aEUooK4,"June 29, 2005						by xlanz",,1120358700000,"Sun, 03 Jul 2005 02:45:00 GMT",20050703024500
Swimming Lessons,,,IvTmNREFkNw,"June 24, 2005						by griff",,1120358700000,"Sun, 03 Jul 2005 02:45:00 GMT",20050703024500
Dogs,,,suLpmxKP-uw,"June 25, 2005						by Ezza",,1120959782000,"Sun, 10 Jul 2005 01:43:02 GMT",20050710014302
Chichen Izta - Kukulcan,,,i6Dq__K1VNw,"June 26, 2005						by esparta",,1120959782000,"Sun, 10 Jul 2005 01:43:02 GMT",20050710014302
playing with water,,,Sh3Ebp4bF58,"June 27, 2005						by tamarind",,1120959782000,"Sun, 10 Jul 2005 01:43:02 GMT",20050710014302
Super Gokart minispeedway racing-a-gogo,,,uRlyoDGeBkQ,"June 15, 2005						by punkey",,1120959782000,"Sun, 10 Jul 2005 01:43:02 GMT",20050710014302
Aerolight Eagle Ultralight,,,aEXd8Gtu9A4,"June 30, 2005						by flyguy26",,1120959782000,"Sun, 10 Jul 2005 01:43:02 GMT",20050710014302
fancy dribbling,,,um_VWxjO9ts,"June 19, 2005						by anillo65",,1121133467000,"Tue, 12 Jul 2005 01:57:47 GMT",20050712015747
Reilly and Bobby,,,XWy-ZFBgOCo,"July 7, 2005						by tess32",,1121133467000,"Tue, 12 Jul 2005 01:57:47 GMT",20050712015747
festival der Liebe,,,IM0Hb_VREJ8,"July 1, 2005						by wilhelmina",,1121133467000,"Tue, 12 Jul 2005 01:57:47 GMT",20050712015747
Cari Kerja,,,NOKfSP4JNE8,"July 5, 2005						by mfr1505",,1121133467000,"Tue, 12 Jul 2005 01:57:47 GMT",20050712015747
Aerolight Eagle Ultralight,,,aEXd8Gtu9A4,"June 30, 2005						by flyguy26",,1121133467000,"Tue, 12 Jul 2005 01:57:47 GMT",20050712015747
My take off,,,vKeahCKBvr8,"June 26, 2005						by relate2",,1121299407000,"Thu, 14 Jul 2005 00:03:27 GMT",20050714000327
The Simpsons Unplugged,,,tm7DDGkbXYU,"July 12, 2005						by DeKku",,1121299407000,"Thu, 14 Jul 2005 00:03:27 GMT",20050714000327
Modern Romance,,,CqrpcH5TJAI,"July 6, 2005						by steve",,1121299407000,"Thu, 14 Jul 2005 00:03:27 GMT",20050714000327
Clayton - Frederick Auto-X,,,vvrlU5COGtw,"June 26, 2005						by warrtalon",,1121299407000,"Thu, 14 Jul 2005 00:03:27 GMT",20050714000327
El Poder de Lynx,,,mI0YERBpAN8,"June 14, 2005						by Kazze",,1121299407000,"Thu, 14 Jul 2005 00:03:27 GMT",20050714000327
wilco,,,niQT_4NjSZ0,"June 24, 2005						by wilco",,1121390021000,"Fri, 15 Jul 2005 01:13:41 GMT",20050715011341
hOUsE DISMOUNT,,,OSAaOEOGvYA,"May 24, 2005						by COBALTGRUV",,1121390021000,"Fri, 15 Jul 2005 01:13:41 GMT",20050715011341
Good Times!!!,,,A1LC0Pv5uFE,"May 18, 2005						by zubazpants",,1121390021000,"Fri, 15 Jul 2005 01:13:41 GMT",20050715011341
Baby Food Eating Contest,,,mBt2QNCyD5c,"July 9, 2005						by ilias",,1121390021000,"Fri, 15 Jul 2005 01:13:41 GMT",20050715011341
carrie chokes the chicken,,,llY9nvUQEfM,"April 30, 2005						by jones4carrie",,1121390021000,"Fri, 15 Jul 2005 01:13:41 GMT",20050715011341
mark and carlos - get down,,,hi_A-MXRQnI,"July 15, 2005						by stazaa",,1121490793000,"Sat, 16 Jul 2005 05:13:13 GMT",20050716051313
Nice moves,,,t_QJ6-2e4EA,"July 14, 2005						by darkally",,1121490793000,"Sat, 16 Jul 2005 05:13:13 GMT",20050716051313
Bubble Madness,,,y77vfcTztOo,"July 9, 2005						by Kaizenamazen",,1121490793000,"Sat, 16 Jul 2005 05:13:13 GMT",20050716051313
Takin a Video!!!,,,8KcWUCVyD0M,"July 10, 2005						by grubb76",,1121490793000,"Sat, 16 Jul 2005 05:13:13 GMT",20050716051313
The Simpsons Unplugged,,,tm7DDGkbXYU,"July 12, 2005						by DeKku",,1121490793000,"Sat, 16 Jul 2005 05:13:13 GMT",20050716051313
Bubble Madness,,,y77vfcTztOo,"July 9, 2005						by Kaizenamazen",,1121567871000,"Sun, 17 Jul 2005 02:37:51 GMT",20050717023751
mark and carlos - get down,,,hi_A-MXRQnI,"July 15, 2005						by stazaa",,1121567871000,"Sun, 17 Jul 2005 02:37:51 GMT",20050717023751
Flippin' Safeway!!!,,,vofjtSesu0w,"July 12, 2005						by COBALTGRUV",,1121567871000,"Sun, 17 Jul 2005 02:37:51 GMT",20050717023751
Nice moves,,,t_QJ6-2e4EA,"July 14, 2005						by darkally",,1121567871000,"Sun, 17 Jul 2005 02:37:51 GMT",20050717023751
chick's *ss on fire,,,qiCQT6TnEqs,"July 15, 2005						by buckyball",,1121567871000,"Sun, 17 Jul 2005 02:37:51 GMT",20050717023751
Extreme Unicycling,,,9S13CWLHQ_8,"June 25, 2005						by larfus",,1121730757000,"Mon, 18 Jul 2005 23:52:37 GMT",20050718235237
Bubble Madness,,,y77vfcTztOo,"July 9, 2005						by Kaizenamazen",,1121730757000,"Mon, 18 Jul 2005 23:52:37 GMT",20050718235237
Nicki & Ashley Gone Wild,,,y4Gy9E-0S5k,"July 7, 2005						by caronwo",,1121730757000,"Mon, 18 Jul 2005 23:52:37 GMT",20050718235237
My dance (red tie),,,bkcoSFgOsMs,"July 12, 2005						by lqdchicky83",,1121730757000,"Mon, 18 Jul 2005 23:52:37 GMT",20050718235237
Flippin' Safeway!!!,,,vofjtSesu0w,"July 12, 2005						by COBALTGRUV",,1121730757000,"Mon, 18 Jul 2005 23:52:37 GMT",20050718235237
